[
  {
    "id": "c983067e-ac1b-4d04-95ea-26d7270f00ff",
    "data": [
      {
        "text": "Заказчик: Государственное автономное стационарное учреждение Астраханской области «Центр социальной адаптации», расположенное по адресу: ",
        "userDefined": false
      },
      {
        "text": "г. Астрахань",
        "meta": "@sys.geo-city",
        "alias": "city",
        "userDefined": true
      },
      {
        "text": ", с. Осыпной бугор, ",
        "userDefined": false
      },
      {
        "text": "ул.Астраханская, д.46",
        "meta": "@sys.street-address",
        "alias": "street",
        "userDefined": true
      },
      {
        "text": "; Адрес электронной почты: e-mail: socadaptacya@mail.ru; контактный телефон: +7 (8512) 40-63-89.",
        "userDefined": false
      }
    ],
    "isTemplate": false,
    "count": 0,
    "lang": "en",
    "updated": 0
  },
  {
    "id": "bce4e9f3-d6d9-428c-aac3-7fbe3386c54a",
    "data": [
      {
        "text": "Адрес для ",
        "userDefined": false
      },
      {
        "text": "почтовых отправлений: 119017",
        "meta": "@sys.zip-code",
        "alias": "postcode",
        "userDefined": true
      },
      {
        "text": ", ",
        "userDefined": false
      },
      {
        "text": "Москва",
        "meta": "@sys.geo-city",
        "alias": "city",
        "userDefined": true
      },
      {
        "text": ", а/я 226, Департамент защиты активов Госкорпорации «Росатом».",
        "userDefined": false
      }
    ],
    "isTemplate": false,
    "count": 0,
    "lang": "en",
    "updated": 0
  },
  {
    "id": "c8752cae-9673-4f30-bc7c-81886193ea3a",
    "data": [
      {
        "text": "Почтовый адрес: ",
        "userDefined": false
      },
      {
        "text": "396071",
        "meta": "@sys.zip-code",
        "alias": "postcode",
        "userDefined": false
      },
      {
        "text": ", ",
        "userDefined": false
      },
      {
        "text": "Воронежская область",
        "meta": "@sys.geo-state",
        "alias": "state",
        "userDefined": true
      },
      {
        "text": ", ",
        "userDefined": false
      },
      {
        "text": "г. Нововоронеж",
        "meta": "@sys.geo-city",
        "alias": "city",
        "userDefined": true
      },
      {
        "text": ", ",
        "userDefined": false
      },
      {
        "text": "промышленная зона Южная, 1",
        "userDefined": false
      }
    ],
    "isTemplate": false,
    "count": 0,
    "lang": "en",
    "updated": 0
  },
  {
    "id": "fb67eff8-d52d-4b1a-9ed8-31d65897e729",
    "data": [
      {
        "text": "Наименование: Общество с ограниченной ответственностью «Ленское предприятие  тепловых и электрических  сетей» (ООО «Ленское ПТЭС»)\n Место нахождения: 678144, ",
        "userDefined": false
      },
      {
        "text": "Республика Саха (Якутия)",
        "meta": "@sys.geo-state",
        "alias": "state",
        "userDefined": true
      },
      {
        "text": ", Ленский район , ",
        "userDefined": false
      },
      {
        "text": "г.Ленск",
        "meta": "@sys.geo-city",
        "alias": "city",
        "userDefined": true
      },
      {
        "text": ", ",
        "userDefined": false
      },
      {
        "text": "ул.Ленина д.75",
        "meta": "@sys.street-address",
        "alias": "street",
        "userDefined": true
      },
      {
        "text": "\n ",
        "userDefined": false
      },
      {
        "text": "Почтовый адрес: 678144",
        "meta": "@sys.zip-code",
        "alias": "postcode",
        "userDefined": true
      },
      {
        "text": ",",
        "userDefined": false
      }
    ],
    "isTemplate": false,
    "count": 0,
    "lang": "en",
    "updated": 0
  },
  {
    "id": "6e5b15ab-a2c3-4961-a573-4501f2f3e622",
    "data": [
      {
        "text": "Федеральное государственное унитарное предприятие «РФЯЦ-ВНИИЭФ».\n Место нахождения: 607188, ",
        "userDefined": false
      },
      {
        "text": "Нижегородская область",
        "meta": "@sys.geo-state",
        "alias": "state",
        "userDefined": true
      },
      {
        "text": ", ",
        "userDefined": false
      },
      {
        "text": "г. Саров",
        "meta": "@sys.geo-city",
        "alias": "city",
        "userDefined": true
      },
      {
        "text": ", ",
        "userDefined": false
      },
      {
        "text": "пр-т Мира, д. 37",
        "meta": "@sys.street-address",
        "alias": "street",
        "userDefined": true
      },
      {
        "text": "\n ",
        "userDefined": false
      },
      {
        "text": "Почтовый адрес: 607188",
        "meta": "@sys.zip-code",
        "alias": "postcode",
        "userDefined": true
      },
      {
        "text": ", Нижегородская область, г. Саров, пр-т Мира, д. 37\n Контактное лицо: Нор-Аревян Андрей Владимирович.",
        "userDefined": false
      }
    ],
    "isTemplate": false,
    "count": 0,
    "lang": "en",
    "updated": 0
  },
  {
    "id": "bad62a10-bbf1-49ba-84ec-ba65c0eb57be",
    "data": [
      {
        "text": "  и Публичному акционерному\n обществу «Российские сети», зарегистрированному  \n  адресу: ",
        "userDefined": false
      },
      {
        "text": "г. Москва, ул. Беловежская, 4",
        "meta": "@sys.geo-city",
        "alias": "city",
        "userDefined": true
      },
      {
        "text": " , - на\n обработку персональных данных в отношении следующего перечня персональных\n данных руководителей и собственников (участников, учредителей, акционеров), в\n том числе конечных бенефициаров, участника закупк",
        "userDefined": false
      }
    ],
    "isTemplate": false,
    "count": 0,
    "lang": "en",
    "updated": 0
  },
  {
    "id": "0e872f25-2b5c-48b5-a751-7c58abc7cca6",
    "data": [
      {
        "text": "Публичному акционерному обществу «Межрегиональная распределительная сетевая компания Волги», зарегистрированному по адресу: 410031, ",
        "userDefined": false
      },
      {
        "text": "г. Саратов",
        "meta": "@sys.geo-city",
        "alias": "city",
        "userDefined": true
      },
      {
        "text": ", ул. Первомайская, д.42/44, ДЗО Публичного акционерного общества «Межрегиональная распределительная сетевая компания Волги»- «Мордовэнерго», зарегистрированному по адресу: ",
        "userDefined": false
      },
      {
        "text": "430030",
        "meta": "@sys.zip-code",
        "alias": "postcode",
        "userDefined": true
      },
      {
        "text": ", ",
        "userDefined": false
      },
      {
        "text": "Республика Мордовия",
        "meta": "@sys.geo-state",
        "alias": "state",
        "userDefined": true
      },
      {
        "text": ", г. Саранск, ",
        "userDefined": false
      },
      {
        "text": "ул. Васенко, д.40В",
        "meta": "@sys.street-address",
        "alias": "street",
        "userDefined": true
      },
      {
        "text": ",",
        "userDefined": false
      }
    ],
    "isTemplate": false,
    "count": 0,
    "lang": "en",
    "updated": 0
  }
]